{
    "root_0001_CTL1Shape": {
        "degree": 3, 
        "form": 0, 
        "min": 0.0, 
        "max": 90.0, 
        "spans": 90, 
        "cv_len": 93, 
        "cv_pose": [
            [
                -0.7254537845131037, 
                -0.6538265673267492, 
                -2.7755575615628914e-17
            ], 
            [
                -0.7254537845131037, 
                -1.7108588136171206, 
                -8.326672684688674e-17
            ], 
            [
                -0.7254537845131037, 
                -1.7904601911836457, 
                -8.326672684688674e-17
            ], 
            [
                -0.7173379955122923, 
                -1.823781698071959, 
                -5.551115123125783e-17
            ], 
            [
                -0.6784629041425939, 
                -1.845996035997501, 
                8.326672684688674e-17
            ], 
            [
                -0.6292419810896432, 
                -1.8475887985667407, 
                0.0
            ], 
            [
                -0.5761975908115043, 
                -1.8044131320612788, 
                -8.326672684688674e-17
            ], 
            [
                -0.32701231555141036, 
                -1.579899666232877, 
                -1.3877787807814457e-17
            ], 
            [
                -0.2937053728186254, 
                -1.5354904092558308, 
                1.3877787807814457e-17
            ], 
            [
                -0.27766869668802524, 
                -1.4873803808640302, 
                4.163336342344337e-17
            ], 
            [
                -0.27273433480168674, 
                -1.3615541527623987, 
                5.551115123125783e-17
            ], 
            [
                -0.2727343348016867, 
                -0.4807705560509772, 
                1.3877787807814457e-17
            ], 
            [
                -0.2702671538585174, 
                -0.4363612990739305, 
                -6.938893903907228e-17
            ], 
            [
                -0.26039843008584046, 
                -0.41909103247174595, 
                -6.938893903907228e-17
            ], 
            [
                -0.24559534442682507, 
                -0.4079887182274843, 
                1.3877787807814457e-17
            ], 
            [
                -0.21968994452354795, 
                -0.4141566705854074, 
                -4.163336342344337e-17
            ], 
            [
                -0.18021504943284003, 
                -0.4338941181307613, 
                -2.7755575615628914e-17
            ], 
            [
                -0.12963784009787038, 
                -0.4857049179373155, 
                -3.469446951953614e-17
            ], 
            [
                -0.11976911632519338, 
                -0.5054423654826697, 
                5.204170427930421e-17
            ], 
            [
                -0.11976911632519338, 
                -0.5054423654826697, 
                5.204170427930421e-17
            ], 
            [
                -0.11976911632519338, 
                -1.6058050661361545, 
                1.5265566588595902e-16
            ], 
            [
                -0.11976911632519338, 
                -1.7711061893284943, 
                1.1102230246251565e-16
            ], 
            [
                -0.11483475443885494, 
                -1.7933108178170172, 
                -1.0408340855860843e-17
            ], 
            [
                -0.09016294500716245, 
                -1.8241505796066328, 
                -3.8163916471489756e-17
            ], 
            [
                -0.06055677368913146, 
                -1.8438880271519869, 
                1.734723475976807e-18
            ], 
            [
                -0.013680335768915752, 
                -1.8389536652656486, 
                -2.7321894746634712e-17
            ], 
            [
                0.004823521304853722, 
                -1.8290849414929715, 
                2.168404344971009e-19
            ], 
            [
                0.27004547269554785, 
                -1.597169932835062, 
                0.0
            ], 
            [
                0.2959508725988249, 
                -1.567563761517031, 
                1.5265566588595902e-16
            ], 
            [
                0.3181555010873481, 
                -1.5145193712388922, 
                0.0
            ], 
            [
                0.3317249962747791, 
                -1.4676429333186765, 
                1.3877787807814457e-17
            ], 
            [
                0.331724996274779, 
                -1.4182993144552913, 
                -6.938893903907228e-17
            ], 
            [
                0.3317249962747791, 
                -0.4326605276591766, 
                1.3877787807814457e-17
            ], 
            [
                0.33542576768953314, 
                -0.4104558991706533, 
                -9.71445146547012e-17
            ], 
            [
                0.35022885334854853, 
                -0.40182076586956106, 
                -1.3877787807814457e-17
            ], 
            [
                0.3699663008939025, 
                -0.4005871753979764, 
                -2.7755575615628914e-17
            ], 
            [
                0.40820760551302576, 
                -0.4166238515285764, 
                -1.3877787807814457e-17
            ], 
            [
                0.44891609107531844, 
                -0.44376284190343807, 
                9.71445146547012e-17
            ], 
            [
                0.4748214909785955, 
                -0.4758361941646384, 
                6.938893903907228e-17
            ], 
            [
                0.48345662427968794, 
                -0.4955736417099924, 
                -1.3877787807814457e-17
            ], 
            [
                0.4822230338081033, 
                -0.49680723218157696, 
                0.0
            ], 
            [
                0.4822230338081031, 
                -1.7524104912114498, 
                9.71445146547012e-17
            ], 
            [
                0.4846810647437556, 
                -1.7934755122058075, 
                1.1102230246251565e-16
            ], 
            [
                0.4934068655120364, 
                -1.8077540952811766, 
                1.3877787807814457e-17
            ], 
            [
                0.517997758586283, 
                -1.8307584791248266, 
                8.326672684688674e-17
            ], 
            [
                0.5314830870463534, 
                -1.8378977706625113, 
                8.326672684688674e-17
            ], 
            [
                0.5679727993500744, 
                -1.840277534508406, 
                5.551115123125783e-17
            ], 
            [
                0.590977183193724, 
                -1.8378977706625113, 
                2.7755575615628914e-17
            ], 
            [
                0.6139815670373744, 
                -1.8180664052800544, 
                1.3877787807814457e-16
            ], 
            [
                0.8805151177775948, 
                -1.5816765299211681, 
                -2.7755575615628914e-17
            ], 
            [
                0.9058992654671397, 
                -1.5539126183857288, 
                2.7755575615628914e-17
            ], 
            [
                0.9281103946954916, 
                -1.4983847953148492, 
                0.0
            ], 
            [
                0.938422704694369, 
                -1.4547557914734441, 
                1.1102230246251565e-16
            ], 
            [
                0.9396316308494166, 
                -1.4059390268513243, 
                2.7755575615628914e-17
            ], 
            [
                0.9396316308494166, 
                -0.38791465642499146, 
